{
	"powers": [
		"sizeshifter:grow",
		"sizeshifter:shrink",
		"sizeshifter:small_climb",
		"sizeshifter:timely_teleport",
		"sizeshifter:death",
		"sizeshifter:shulker_inventory",
		"sizeshifter:speeding",
		"origins:water_vulnerability",
		"origins:elytra",
		"origins:fall_immunity",
		"origins:ender_particles",
		"origins:natural_armor"
	],
	"icon": "minecraft:ender_eye",
	"order": 8,
	"impact": 2,
	"name": "Endermite Shifter",
	"description":"A shapeshifter race that gone exstict a aras ago. Raised in the End, out in the overworld. 'How?' No one knows."
}