{
	"powers": [
		"sizeshifter:grow",
		"sizeshifter:shrink",
		"sizeshifter:small_climb",
		"sizeshifter:lower_damage",
		"sizeshifter:timely_teleport",
		"sizeshifter:death",
		"origins:fall_immunity",
		"origins:carnivore",
		"origins:hunger_over_time",
		"origins:no_shield"
	],
	"icon": "minecraft:ender_eye",
	"order": 8,
	"impact": 2,
	"name": "Endermite Shifter",
	"description":"A shapeshifter race that gone exstict a aras ago. Raised in the End, out in the overworld. 'How?' No one knows."
}