{
"type": "origins:active_self",
	"entity_action": {
        "type": "origins:and",
        "actions": [{
                "type": "origins:apply_effect",
                "effect": {
                    "effect": "minecraft:resistance",
                    "duration": 100,
                    "amplifier": 50,
                    "show_icon": false,
                    "show_particles": false
                }
            },
            {

                "type": "origins:execute_command",
                "permission_level": 4,
                "command": "tp @s ^ ^1 ^20"
            },
            {
                "type": "origins:play_sound",
                "sound": "minecraft:entity.enderman.teleport"
            }
        ]
    },
	"cooldown": 25,
	"hud_render": {
		"should_render": true,
		"sprite_location": "origins:textures/gui/community/spiderkolo/resource_bar_02.png",
		"bar_index": 0
	},
	"key": {
        "key": "key.loadToolbarActivator",
        "continuous": false
    },
	"name": "Timely Teleport",
	"description": "You have learned to ways of the endermans ancient technique."
}